features,
PCA_1,Features using the 80 eigenvectors corresponding to the eights highest eigen values 
PCA_2,
PCA_3,
PCA_4,
PCA_5,
PCA_6,
PCA_7,
PCA_8,
PCA_9,
PCA_10,
PCA_11,
PCA_12,
PCA_13,
PCA_14,
PCA_15,
PCA_16,
PCA_17,
PCA_18,
PCA_19,
PCA_20,
PCA_21,
PCA_22,
PCA_23,
PCA_24,
PCA_25,
PCA_26,
PCA_27,
PCA_28,
PCA_29,
PCA_30,
PCA_31,
PCA_32,
PCA_33,
PCA_34,
PCA_35,
PCA_36,
PCA_37,
PCA_38,
PCA_39,
PCA_40,
PCA_41,
PCA_42,
PCA_43,
PCA_44,
PCA_45,
PCA_46,
PCA_47,
PCA_48,
PCA_49,
PCA_50,
PCA_51,
PCA_52,
PCA_53,
PCA_54,
PCA_55,
PCA_56,
PCA_57,
PCA_58,
PCA_59,
PCA_60,
PCA_61,
PCA_62,
PCA_63,
PCA_64,
PCA_65,
PCA_66,
PCA_67,
PCA_68,
PCA_69,
PCA_70,
PCA_71,
PCA_72,
PCA_73,
PCA_74,
PCA_75,
PCA_76,
PCA_77,
PCA_78,
PCA_79,
PCA_80,
